Actual_Melt_Index,Predicted_Melt_Index
1.0863702448464776,1.1629396548168636
1.0,0.9838809986341019
0.8493845854009564,0.8697971869404101
0.9784172661870504,0.9783628849219361
0.9888888888888889,0.9885761332394394
0.9963702359346642,0.9870224905190209
0.9844357976653697,0.800660951968958
0.5427175860443186,0.7901220706928705
0.4755662995791925,0.46053549693444906
0.978,0.9799560792683342
0.9529914529914529,0.9502700098378962
0.9696444058976583,0.97594968669931
0.9466666666666667,0.9543513751413246
2.9655433260220394,0.9610008323664442
1.0052173913043478,0.9874707025023084
0.9818181818181818,0.977088899040353
0.8618524332810047,0.8722080149204394
0.9477611940298507,0.9558946786076262
0.9863481228668942,0.9763210606646812
0.9827586206896551,0.9803053637699503
0.9609665427509294,0.9791565235227324
0.987037037037037,0.9882850226494816
0.6892545982575023,1.0071393999362233
0.975925925925926,0.9817702037159741
0.8515531728847973,0.944747273510217
0.9948453608247423,0.9796358009795156
0.8999204951361731,0.9639259573565385
1.0,0.9854625163862866
0.17780231916068473,0.17523941001927665
0.9864636209813875,0.979743946071777
0.9433333333333334,0.9506044795921883
0.9724137931034482,0.9814690403416515
0.92,0.9333269160428072
0.9438025210084033,0.9532337275443424
1.00945179584121,0.9953519387928503
0.9956342469075916,0.9734812672732849
0.981203007518797,0.9852092719404959
0.9229500687127806,0.9189083466903614
0.9823943661971831,0.9787236423251848
0.9809663250366032,0.9459165168973865
0.9773596938775511,0.9725391898378352
1.2650862068965518,1.1611865895324616
0.9891750653228817,0.9886762586716341
0.9664179104477612,0.9635642281342598
0.9708410584864319,0.9805486275525067
0.9912280701754386,0.9831569085229167
1.002384602282405,0.988109524059357
0.9639953542392566,0.9674168390886756
0.9965397923875432,0.9849439141267102
0.9962121212121212,0.9889309537894054
0.9924812030075187,0.9883320054951603
0.9947368421052631,0.965978056265309
0.9857142857142858,0.9787912854330005
1.0,0.991954470986012
0.9941860465116279,0.9851271786473004
0.9910215144841606,0.9839819014798397
0.9090545105119094,0.9403035442769508
1.0,0.9835266097690385
0.9694244604316546,0.9703479113417416
0.6666666666666667,0.736332571222542
0.9771863117870723,0.9692607706836598
0.9889742733043769,0.9833869045211797
0.9568965517241379,0.9501504597842539
0.9961832061068703,0.9907710532430112
0.9894566098945661,0.9814942524162004
0.9911504424778761,0.9798144118629969
0.9835526315789473,0.9745454575141426
1.0098684210526316,0.9863591175851026
0.9609929078014184,0.9592951609233211
1.0147492625368733,1.0598609215202517
0.9775280898876404,0.9848456391970543
0.9280964724444946,0.9716946280289688
0.4246884017568057,0.7473218491777847
1.0377358490566038,1.011333653641479
0.9791666666666666,0.9729178749285603
0.9964664310954063,0.984110866719548
0.9532374100719424,0.9605953398753223
0.9489795918367347,0.9581150335461303
0.99,0.9146631996710031
0.9693877551020408,0.9644579589944695
0.9925925925925926,0.9884331475212612
0.9925373134328358,0.9884701213226839
0.18075524115018907,0.33809229708774763
0.96,0.9263689159101621
2.625,1.807597164320071
1.0,0.9855012455613241
0.968,0.9805262408535941
0.9886382906562659,0.9861689060986317
0.9623015873015873,0.970824971518444
0.9876325088339223,0.9756060693410137
0.9963898916967509,0.9869631453250406
1.0219112502301602,0.9371626766477629
0.9884615384615385,0.957847073858205
0.9421768707482994,0.938867658455153
1.0169491525423728,0.988186068902356
0.9814814814814815,0.9863575999008748
0.9748201438848921,0.9720854273499258
0.7871518499984305,0.8894743773338761
0.9629629629629629,0.975728734852861
1.6,1.5187719885685325
0.9929824561403509,0.9777234531304891
0.8523206751054853,0.9779834313827054
0.9981070383754947,0.9841190580920238
0.9730769230769231,0.9693267613988017
0.9657534246575342,0.9678499467824346
0.985781990521327,0.9589976429766814
0.9859649122807017,0.9759807204457425
1.0242085661080074,1.0008496039688888
0.9957689866723081,0.9316088493013087
0.9699499165275459,0.9723693226919038
0.9766139657444005,0.9675828150623248
0.992822966507177,0.9845663311878305
0.9858156028368794,0.9733264010555535
1.0,0.9926338953436518
0.996309963099631,0.9902065316241985
0.9859154929577465,0.9817121597732398
0.875,0.8781115836166522
1.0238095238095237,1.0116134714905267
1.0064704937223128,0.9821948129309124
0.9906015037593985,0.9870249936185281
0.9982174688057041,0.9738594912059253
0.6000885534729815,0.6608502163581875
0.9824868651488616,0.9796976112891893
0.996031746031746,0.9818422701562323
0.9868913857677902,0.9862767452345192
0.9847328244274809,0.9894086683722328
0.996415770609319,0.9776038078590881
0.9859154929577465,0.97305325138884
0.990530303030303,0.9855624124623826
0.995,0.9806734966046116
0.8974910394265234,0.9320307023255167
0.9961538461538462,0.9918447475907213
0.923653715064758,0.9335596190715624
0.8979848866498741,1.000116214468438
0.994535519125683,0.9873967107353228
0.979820247583517,0.9800002624252621
0.9963503649635036,0.9875570988739817
1.0009587727708533,0.9397050578152057
0.9959514170040485,0.9838860610539083
1.0064954236787718,0.9749833554854419
1.00374531835206,0.9901933600270465
1.010665749182866,0.9858009611951999
0.9963768115942029,0.9833769793529434
0.25902061855670105,0.3059672469896224
0.926056338028169,0.9377580401495247
0.9310344827586207,0.9535205129973283
0.8509267725043638,0.9867211961399264
0.9710982658959537,0.9684138834240179
0.9859154929577465,0.9732161404134758
0.633337492536027,0.9132414354193342
0.9730769230769231,0.9606075316021809
0.9773584905660377,0.9855614037868832
0.9746376811594203,0.9775731764048377
1.0080091533180777,0.9551228055153854
1.0036672457054623,0.9808265237030181
0.984251968503937,0.9826605972590116
1.0,0.9777609584132708
0.9333333333333333,0.9410762313569547
0.9762773722627737,0.9759427233961717
0.9672727272727273,0.9687278367304576
0.9893238434163701,0.9775418614290691
0.9526515151515151,0.9634163526444146
0.9823943661971831,0.9696856218062408
0.8219299419181317,0.9587987873834548
1.0954545454545455,1.023253840428751
0.9898785425101214,0.9850185907125034
0.965651099037324,0.9454368096018662
0.9797529169526424,0.9841179568176822
0.9767441860465116,0.9790493452391488
0.9924528301886792,0.9867147556431172
1.0038022813688212,0.9934298747591569
1.0809748427672956,1.0483166352420334
0.9844444444444445,0.9294678410923174
0.9852992649632482,0.9845730811944141
1.3493265380414998,1.3127886048024695
0.9237379162191193,0.9272267523034695
0.9726666666666667,0.9760644904715434
1.0127659574468084,0.984813520644975
0.5895147058954135,0.87737253495138
1.3691387894663174,1.3286257713837804
0.9608695652173913,0.9575850382145366
0.9432648799164637,0.8695793856204281
0.9797979797979798,0.9752243339441372
0.9779411764705882,0.9784683460267047
1.4625,1.3023233952361286
0.9885496183206107,0.990961495756165
0.9580152671755725,0.965561206417877
0.35000000000000003,0.36382313950224154
0.9888059701492538,0.9883523435448924
0.8750989821735519,0.9762924244193872
0.9929078014184397,0.959278909810899
0.970873786407767,0.9724988142260576
0.9816176470588235,0.9821650279584763
1.0112781954887218,0.9929147878080725
0.9172515097111147,0.879994970456433
0.9829931972789115,0.9761306851550898
0.9726962457337884,0.969940700149408
0.9924528301886792,0.9882677941818373
1.0,0.9900930155877303
1.0074906367041199,0.9906762603154992
0.9884615384615385,0.9644612162032107
0.9890510948905109,0.9834360594405392
0.9806451612903225,0.9759833052190795
0.19230769230769232,0.24163011802842466
0.9820801124385102,0.9753843375275035
0.9645702661468045,0.9692626317752758
1.0129268763264518,0.9740641942881415
0.9725085910652921,0.9771883966318099
0.45510758750014835,0.6097287892543221
0.020591471582573198,0.12117609611700937
0.7418181818181818,0.8194279839283944
0.969254820218864,0.9715103128283807
0.975925925925926,0.9818079725390241
0.2746344564526383,0.2953636979160795
1.0,0.9837747985426158
0.14068420580048488,0.13275263976290966
0.9868421052631579,0.9861401677897432
0.9518518518518518,0.9630922319785914
0.9963503649635036,0.9875570988739817
0.9618181818181818,0.966228189968115
1.0,0.9741689889507353
0.9653846153846154,0.9819667421785865
0.9669003750203815,0.9707062599765521
1.0033557046979866,0.979012736958961
0.4077394427842675,0.5170298728943323
1.003960396039604,0.9884107790167458
0.417153006851053,0.44304550280071475
1.0038860103626943,0.9840834027365258
0.9674672117186169,0.9681829285293623
0.9841269841269841,0.9821479486367075
0.473236185254653,0.6134610072144757
0.9929078014184397,0.9820368703935022
0.9882747068676717,0.9879318097376655
0.9959016393442623,0.9783838646718996
0.12391378332387976,0.15813431035948766
0.9094827586206896,0.8961351991045748
0.9899138474469427,0.9750867591822554
0.9852459016393442,0.9826221491812426
0.9883720930232558,0.9793511863829987
0.9925925925925926,0.9893528325791895
0.9700704225352113,0.9682929449986881
0.8442800710419047,0.9629559530393541
0.3154755865567534,0.4168245842552148
0.9416058394160584,0.9502015017532223
0.9925093632958801,0.9892334614650032
0.9074016723443791,0.9016469943063271
0.914179104477612,0.9329998388329084
0.8572916666666667,0.8093849277811772
0.9509433962264151,0.9620779773020931
0.9564516129032258,0.9674406343844207
0.9928057553956835,0.9825536186219278
1.0,0.9942709020585232
0.9815421769880973,0.9812366764577319
0.9973474801061007,0.9850833147878668
0.9865546218487395,0.9851899195529161
0.96875,0.9737279507600405
0.5,0.7019428588557091
0.9889705882352942,0.9842831426134658
0.9912191827085444,0.971718684956154
0.9798657718120806,0.976899563372781
0.972027972027972,0.976251471390729
0.8356302615227934,0.9823249313364015
0.516245487364621,0.775935869759882
0.9921568627450981,0.9815835056082409
0.9462809917355371,0.9547414089614719
1.0169491525423728,0.9541046189805117
0.9964028776978417,0.9817252808381518
1.0,0.9983464853938838
0.9835255354200988,0.9777444821657738
0.981616429281219,0.9655115845910137
0.9781818181818182,0.9764807984952264
0.9724540901502504,0.975309723017022
0.933993399339934,0.9479151205900145
0.9822064056939501,0.9743273136056265
0.9096880131362891,0.850509548439871
0.9841269841269841,0.9788501242571299
1.0231660231660231,1.0028822747248056
1.043650934154776,1.1209589508700888
0.9851851851851852,0.9873331401327288
0.9873843566021867,0.985012038559039
1.0,1.0001779093100018
0.9461538461538461,0.956521449874556
0.9946428571428572,0.9787238085688372
1.0419078490391294,1.0073042334288418
0.98,0.9766248541597148
1.0,0.9870564757056506
1.003921568627451,0.9940634100702678
1.0026666666666666,0.9804644085441947
0.9897959183673469,0.9777406874165839
0.9964539007092199,0.9848162071305419
0.05762575452716298,0.09411706785362836
0.9601328903654485,0.968950934196215
0.6871174395408103,0.9255312753328973
3.0144927536231885,1.8312920605280727
0.9973799126637555,0.9863568720953002
0.9733201581027668,0.9768689728478023
0.8013698630136985,0.8407966439371569
0.9566003616636528,0.9653901151637999
0.9670292318150918,0.9752863329910744
0.9923664122137404,0.9913204597649273
0.9745454545454545,0.9790457989808136
0.9893992932862191,0.9780218905801223
0.7592865324824088,0.8737163737249328
0.9892857142857143,0.9821969619544321
0.9776186213070726,0.9757472582302782
0.995640802092415,0.9821081299938558
0.9817131857555341,0.9677802362020728
1.0,0.999890288193304
0.9603192196852139,0.9195375960758276
0.9814814814814815,0.9840698309417794
0.996268656716418,0.9892194623811852
0.9962825278810409,0.989846862244697
0.9827586206896551,0.9790560858344604
1.0,0.9809658932057101
0.4632167832167832,0.45887675496090774
0.9930555555555556,0.9856209924316269
0.9609649122807017,0.9380451699285001
1.0,0.9895034564834445
1.0017857142857143,0.9789928450162471
0.9681208053691275,0.9660771697275302
1.0350404312668464,0.9744961755813537
0.9932773109243698,0.9783894989269245
0.9735849056603774,0.9839955990908039
1.003454231433506,0.9888377105119244
0.9924812030075187,0.9886906150267474
0.9778112072207596,0.9424082648417567
0.8511342937572446,0.8528537979105351
0.9380699995225136,0.9471837056487895
0.9297484822202949,0.9408187653796801
0.9828178694158075,0.9840494216395886
0.9404255319148936,0.9414804301603783
0.9364604125083167,0.9353526569292441
0.9502664298401421,0.9378622875784336
1.0049423393739703,0.9807717556446006
0.9777626888473944,0.982437224216427
0.9632352941176471,0.9736699185873106
0.9272727272727272,0.923900941310743
0.960431654676259,0.8690061621553898
0.9961538461538462,0.9916734204454895
0.9777777777777777,0.9705695065450509
0.9385550303848751,0.96127672615251
0.35137172143503165,0.6881048508234555
0.9832214765100671,0.9351877062391298
0.9874476987447699,0.9848153746988616
0.980594195431908,0.9780753307806443
0.9773771650759986,0.9732093942585357
0.9833333333333333,0.9770253319147595
0.519861458470449,0.9276835288071785
0.9689922480620154,0.977138863468877
0.9592857142857143,0.9514881742719988
0.9788092835519677,0.982989373860861
0.8571428571428571,1.142937831230276
0.9744525547445255,0.9686225910434293
0.9962546816479401,0.9844758361733933
0.9865771812080537,0.98032122625396
0.4615384615384615,0.5425105206224901
0.6312537396784872,0.6892041722550525
0.5506391347099313,0.605235062157987
0.989010989010989,0.9844532665470531
0.9973707274320771,0.9850666476487864
0.9671532846715328,0.9671190550700287
0.959630516592542,0.9692096077484637
0.9525547445255474,0.9625534099033374
0.9838709677419355,0.9806189466843225
0.9323308270676691,0.8482221536830026
1.0021668472372698,0.9822237639908203
0.20126547455295735,0.2737632320338779
0.9933993399339934,0.9799535589517722
0.7160751565762005,0.7791894720628844
0.9880749574105622,0.9767736765722127
0.9680851063829787,0.9649190614904506
0.23121180189673338,0.2198879065079317
1.0117845117845117,0.9773719652423964
0.9904264577893821,0.9840981977520173
0.8417141899804598,0.9304597763880647
0.999812769144355,0.9902326179786649
0.9666666666666667,0.922939207707556
0.7,0.72016210637739
0.9760782259472673,0.9773062725834899
1.0118577075098814,0.9465035508002717
0.9922480620155039,0.9858008108726805
0.11562173906468183,0.4593058951764165
0.9849624060150376,0.9855342169966229
0.9761424731182796,0.9633631046765704
0.9963369963369964,0.9884258075527689
0.9963235294117647,0.987618950313884
0.9854014598540146,0.9820249534513884
1.0155038759689923,0.9970923520057248
0.992310889443059,0.994672698323907
1.006312662458225,0.9924837469904868
0.9893617021276596,0.9780218905801223
0.9199999999999999,0.8907151852306265
0.9779661016949153,0.9789523148324228
0.6757281553398058,0.6325206640722932
0.9860627177700348,0.9738012336259372
0.9633333333333334,0.9744809378641925
0.9722222222222222,0.9778850317801309
0.9731800766283525,0.9671012424253159
0.9956435643564356,0.9834439042253601
0.9911165302212158,0.9846292747480286
1.0,0.9914623058222027
0.7930645051398887,0.9482032547200524
0.9615384615384616,0.971094884790474
0.991869918699187,0.9813272516055869
1.024526623030826,1.0194097266182445
0.9713375796178344,0.9671928177740553
0.8354430379746836,0.790060685642447
0.9834368530020704,0.9581839961524763
0.7236467236467236,0.7869029982128051
0.9962546816479401,0.9886046091127902
0.9808429118773946,0.9748204019969839
0.9477178423236514,0.9610528191344272
0.9763513513513513,0.974073061004537
0.86328125,0.8694974451074141
0.9734848484848485,0.9733991594563234
0.9920634920634921,0.9823743628598345
0.9749518304431599,0.96990220170524
0.9834453368300279,0.9772737410266636
0.7946988334259185,0.7655026009262623
1.0952857647701355,1.0308605230676415
0.95,0.9193733460977205
0.8884615384615384,0.9074484318225682
0.9887218045112782,0.986614651996141
1.003921568627451,0.9932418037158672
0.9647395740110972,0.9500938184309723
1.0008431703204048,0.9782507606046654
1.0,0.9795885030517499
1.0,0.9753476828860473
0.989679321784003,0.9540849397322188
0.29781345142540827,0.35886655947051904
0.975177304964539,0.9739654820443476
0.9745762711864406,0.974732954854842
0.9345112660074566,0.9474277177160532
0.9924528301886792,0.988286523134863
0.9654725239098719,0.9741208083728978
0.2835538752362949,0.5957198472481477
1.0130944176430048,0.9594810405625139
1.0052910052910053,0.9793563365417015
0.9866666666666667,0.9823958897671085
0.9007936507936508,0.9382526607429286
0.9943425338590777,0.9823844330818097
0.9857142857142858,0.9759962201913523
0.981203007518797,0.9854050353892415
0.9366666666666666,0.9163328036503104
0.9804270462633452,0.9734189572347387
0.9888888888888889,0.9875253053838116
0.9350877192982456,0.9433525801798615
0.989247311827957,0.9869571840552804
1.003800967519005,0.9787745843615682
0.9354838709677419,0.9490976730947418
0.9814814814814815,0.9860332985500533
1.0128205128205128,0.991371575968427
0.9705882352941176,0.9754156162810927
0.9789473684210527,0.9737920560976536
1.0246679316888045,0.9959522117098083
0.08584019247815625,0.12405616410202552
1.0,0.985704897495879
0.9817148943724481,0.967421625747149
0.747100990934008,0.8283987973729846
0.9920844327176781,0.9848659418753695
0.9453376205787781,0.9709558785828487
0.7871675471750647,0.9251972547468249
0.887298747763864,0.877855516817139
0.998062015503876,0.9930002159231275
1.007380073800738,0.9928487667531413
1.0123239436619718,0.9814637750357993
0.9365079365079365,0.948184028627227
0.9830621056127532,0.977189497575955
0.9475524475524476,0.9545258713325512
1.0,0.9914482989013643
0.809288537549407,0.7272473091786708
1.0110691823899371,0.9514315353598802
0.9962277091906722,0.9866251258666756
0.7455555555555555,0.8053043170235952
1.0035398230088495,0.985315160710927
1.008,0.9839809022185887
0.960431654676259,0.963908355788374
0.9925093632958801,0.9890483086110007
0.9243225087590156,0.9557958380635857
0.983633387888707,0.9758649827583761
0.6372041898357689,0.7142048750734296
1.0,0.9592691408412827
0.9338270809853486,0.9494271220853017
0.07575757575757576,0.1265544175097317
0.9569220651101611,0.9400559058553303
0.12305263157894736,0.6036635252036915
0.9774193548387097,0.9023571272967496
0.9275862068965517,0.9438625040402543
0.9416355334163554,0.9237982912153828
1.0,0.9884757124374133
1.001908396946565,0.9925061030630288
0.9806201550387597,0.977434285725581
0.9687235841081995,0.9803976949545343
0.9854014598540146,0.9821088562779873
1.015267175572519,0.9455931378166352
0.9929806539976032,0.9837276484848477
0.9810606060606061,0.9850539746873188
0.9965986394557823,0.980217524833728
1.004201680672269,0.9781649208875283
0.9173913043478261,0.9200148329406589
0.9695340501792115,0.9656624112721705
0.9568725015398365,1.0960817802313556
0.9925925925925926,0.9893970042385583
0.9300699300699301,0.914659808189676
0.9694693094629157,0.9667219150841068
0.9839730502245814,0.9547330145169717
0.9712351945854484,0.9714112157133189
0.9710391822827938,0.9738170909796908
0.6686274509803921,0.6223098210399506
0.992,0.9833568786061484
0.9690721649484536,0.9749473981653803
0.9962406015037594,0.9898736491971443
0.9194836391966759,0.9492049173942079
0.9789354187689203,0.981100144874985
1.0134030728996404,0.9504142129048513
0.6915228335131248,0.9698113904772786
0.9951670155334444,1.0442079284032972
0.9426229508196722,0.944428649249876
0.9903846153846154,0.9867302229045956
0.9779768570362075,0.9826566044907059
0.9962121212121212,0.9871277007824226
1.0424028268551238,0.9950484826261952
0.9818181818181818,0.9805755069184514
0.9959349593495935,0.9789575596120474
0.9982578397212544,0.9811748033875923
0.9923371647509579,0.9912147445237892
1.2496435145575693,1.2752453332062004
0.9885931558935361,0.9895911233128477
0.9813432835820896,0.9835830001804535
0.8181818181818182,0.8820849386320003
0.9683995922528033,0.9710770925181226
0.9887218045112782,0.9862963537289455
0.968,0.9808795050648778
0.9747048903878583,0.9704176914693754
0.9925093632958801,0.9903667074234366
1.0075471698113208,0.9933461632494072
0.9976002742543709,0.9882462601914663
0.9928571428571429,0.9796390292867819
0.9835164835164835,0.9841578740154489
0.978623914495658,0.9772564788757515
0.973724884080371,0.9807553743681552
1.0267175572519085,1.0034526538874922
1.0,0.9034575388100409
0.9801980198019802,0.9776853356255841
1.0,0.9914451667619559
0.6411276374956763,0.7687204371197288
0.9834254143646409,0.9448212961242117
0.9773584905660377,0.9854035905315227
1.0034602076124568,0.9898536265616846
0.9593023255813954,0.9722230592363391
0.9773786910723536,0.9828984050310978
0.9679037111334002,0.9712026213762256
0.9549180327868853,0.9702892298097532
0.9507575757575758,0.9620864720829079
0.9536423841059603,0.962102436121127
1.0033557046979866,0.966957663039538
0.926923076923077,0.9500793893620174
0.5,0.7252708567575981
0.9854545454545455,0.980445696930839
1.0033333333333334,0.9816757777427935
0.8675143560295324,0.9753314276668427
0.9911032028469751,0.9756595407571526
0.9728813559322034,0.9703576022729713
0.9929078014184397,0.9779721387217363
0.9927797833935018,0.9867958140132457
0.9910394265232975,0.9771710242680388
0.9347826086956522,0.9108389181488628
0.9600760456273765,0.9623594455371655
0.9827586206896551,0.9827618662552624
1.001733102253033,0.9867571423443282
0.9812286689419796,0.9720113689645702
0.49609826589595374,0.49280077991854354
0.9653846153846154,0.9691057558560046
0.83,0.9619435626187317
0.9876543209876543,0.9780749599934105
0.9861111111111112,0.9843257842773098
1.0074349442379182,0.9927302840511935
0.4166666666666667,0.44220203387447293
0.9461538461538461,0.957180392722896
0.41341196688017495,0.9334060176721755
0.9249262536873156,0.8971926317702575
0.9921568627450981,0.981159094987534
0.9682835820895522,0.9810571471302947
0.9926739926739927,0.984838692921652
1.005084745762712,0.9814403634166808
0.9865384615384616,0.9737558645495245
0.9950506155787895,1.0355810366522975
0.9743240945417446,0.9798735128733768
1.100702576112412,0.9801838231132475
0.9918060771594401,0.985574993873876
1.0,0.999960828605183
0.9395973154362416,0.9589754166658779
0.935672514619883,0.9402948842901607
1.0530612244897959,1.0020699556946229
0.996078431372549,0.9847451633494388
0.9834437086092715,0.9780452594505346
0.9910714285714286,0.9790926410153746
0.972176759410802,0.9745856948096424
0.992619926199262,0.9887734479490671
0.9891075193253689,0.9839112758972575
0.986159169550173,0.9758113911435108
0.9650735294117647,0.9745064451517781
0.9387911765369941,0.9076066248311396
0.9885496183206107,0.9906113704990211
0.974910394265233,0.9759227979666987
1.0325581395348837,0.9678701533940018
0.9832421340629275,0.9834097164758567
0.8828775267538644,0.9379243257170158
0.8335084568750318,0.8008055572781394
1.0032786885245901,0.9687088519402401
0.9837133550488599,0.9770831543977018
0.9710743801652892,0.9562013078003695
0.9810606060606061,0.9854323108563644
0.9418181818181818,0.8950944785336911
0.966796875,0.9751716459992079
0.9818496110630942,0.9763338686799602
0.9857549857549858,0.951242885604635
0.9794007490636704,0.9785868434387213
1.0038461538461538,0.9920294666209587
0.6302382241472658,0.7698811136772187
0.94874163010852,0.9287253176681486
0.948905109489051,0.9530677591112472
0.9879931389365352,0.9819003013425064
1.02803738317757,1.0045820849518892
0.6411793828043346,0.7383392309840663
0.9434482758620689,0.9858708266507239
0.9758620689655172,0.9762855667651603
0.9931740614334471,0.9813018469726991
0.9761904761904762,0.9812284132954028
0.9813432835820896,0.9831014460824796
0.9842105263157894,0.9775101008441797
0.9961389961389961,0.9928918237551474
0.9150326797385621,0.848395062823482
0.8469449485783425,0.8782465424621644
0.9924528301886792,0.987526335866989
1.0,0.9737105916164555
0.9389129389129389,0.9785264431328364
0.9766113194072487,0.9747982354832646
0.375,0.3568557680078356
0.9927272727272727,1.0018010344681996
0.9963503649635036,0.9863735357383056
1.0,0.982276272622957
1.0055762081784387,0.9910239166890833
0.8239202657807309,0.9265388382565682
0.9927272727272727,0.9845502352520802
0.583190695633092,0.9467779054805322
0.96579476861167,0.869706607914311
0.9964973730297724,0.9853082940811995
0.9830508474576272,0.9777715043828132
0.018911216307603132,0.02253035635765718
1.0326086956521738,1.0301885094068415
0.9571428571428572,0.9428961222230421
0.9661654135338346,0.9765291473997162
0.99644128113879,0.9819645280566384
0.996031746031746,0.9816940351593683
0.9448275862068966,0.9677630811369897
0.9781021897810219,0.9796896600342024
0.975609756097561,0.9623801837959605
0.9923371647509579,0.9916017108230453
0.14415356306457008,0.18838741415544702
0.9846743295019157,0.9822971764465409
0.9948805460750854,0.9835956728732194
0.9911971830985915,0.9737667064653169
0.9890510948905109,0.9817768980365003
0.9886363636363636,0.9866959555145983
0.9858906525573192,0.9436248975162702
0.9890909090909091,0.9872830672304771
1.0051635111876076,0.9833254028069439
0.987865322167151,0.9844374596883795
0.954225352112676,0.9582483266647189
0.8786764705882353,0.9008655321400266
1.0,0.9795191808040035
0.950381679389313,0.9548315986416478
0.9632465940185764,0.9756520566978282
1.0,0.9795205200091118
1.0076045627376427,0.994918978910759
0.732568402471315,0.8196706780543787
1.0,0.9883377261221645
0.9860627177700348,0.9838267059455756
1.008203799654577,0.98818202117678
0.9416058394160584,0.9480288212395271
0.9960629921259843,0.9823713273997994
0.9806201550387597,0.9764677850436244
0.9924528301886792,0.9875802553599798
0.9736842105263158,0.9842601484339495
0.992,0.9800447185515775
1.0464527027027026,0.8207852263384902
0.9356060606060606,0.9484786214650254
0.9489795918367347,0.9674194870237679
0.15483616265298067,0.751718875625923
1.0017667844522968,0.9851251420233741
0.9926470588235294,0.9846116636629146
0.977366255144033,0.9717999608810877
0.942802791279759,0.9545508183184246
0.7491803278688525,0.7519836981994504
0.17676543235394426,0.20964346562820377
0.9678456591639871,0.939358256626546
1.2584007394857435,1.1397295792110769
0.9884615384615385,0.9716544126340636
1.0421052631578946,1.0216673031610892
0.9746376811594203,0.9771762897145497
1.0294887454196475,0.9839909723873177
0.9900332225913622,0.9803426430019283
0.9908613978676595,0.986994841620895
0.9949622166246851,0.9827585794580268
0.9672359707215058,0.9793726886778938
0.9831081081081081,0.9796467202325408
0.9892275354703101,0.9006748875804504
1.0036363636363637,0.98829988903122
0.984400215169446,0.9738590235791271
0.9963369963369964,0.9879461201093476
0.5,0.5286979013509163
0.9801493710691824,0.9756676468574311
0.9962264150943396,0.989200665250519
0.7395743575534031,0.7874270856345444
0.9694072657743786,0.9660217190911751
0.9896729776247849,0.9848762613137021
0.9942528735632183,0.9916387294632009
0.9722222222222222,0.9736082061452995
1.0,0.9923515337430033
0.991304347826087,0.9846640764847576
1.1666666666666667,1.0446339646522298
0.9771202477206262,0.9819271160607866
0.926,0.9628136654697299
0.9803921568627451,0.9755928467604988
0.9851268591426072,0.9845289095350451
0.9663517321398972,0.9714677992408166
0.7497952497952498,0.742610092984454
0.9866732477788747,0.9842704483422938
0.9869888475836431,0.9874599337971095
0.9744525547445255,0.9759692917355249
0.9775767112509834,0.9785664325295896
0.9895287958115183,0.9792845329761326
1.5,1.4477306902886788
0.9828178694158075,0.965768882576601
0.9897194633211361,0.9846184108808772
0.9862204724409449,0.9847871231970271
0.9753872183614806,0.9785921060965296
0.9851851851851852,0.9875791443491022
1.0434782608695652,1.0013155219041212
1.0227272727272727,0.9990152236179973
0.9559543230016313,0.9551195198118871
0.7852573437107707,0.9504208601289191
0.9575971731448764,0.9600067205707495
0.9477234401349073,0.9414886995946316
1.0017123287671232,0.9886826199289146
0.9876751646125275,0.9733922035350129
0.99609375,0.9848055454434039
0.9266893708549919,0.9198296111259464
0.9774696707105719,0.9787220980132956
0.943579766536965,0.9471608076044611
0.9878892733564014,0.9850809797591991
0.9781818181818182,0.9747646339801755
0.924,0.9459347664254739
0.9957894736842106,0.9795614861581123
0.8164231036882396,0.9223057302170041
0.9888059701492538,0.9884465978541498
0.9926593259926594,0.9833388551110411
1.1217173285424775,0.8620960212366717
0.980836236933798,0.9772045627131223
0.9845559845559846,0.9738918670546759
1.0,0.9871604679326254
0.9807325117167158,0.9197759216797183
0.9945454545454545,0.9752154926620932
0.9850187265917603,0.9857671797058106
0.9768339768339769,0.970059481466157
0.968013468013468,0.9774742459993533
0.9825174825174825,0.981525005480454
0.9699499165275459,0.9788566183435862
0.9525547445255474,0.9623562209198715
0.9740131578947369,0.9737355890936763
0.6230536318452173,0.7898577240813309
0.9365079365079365,0.9489803118895856
0.9853826311263972,0.9843625449177178
0.9787234042553191,0.9839258689123329
0.9507829977628636,0.969999126564965
0.9573384272524673,0.9620717536371923
1.0111940298507462,0.9941090680768006
1.0034188034188034,0.9806375379358887
0.975609756097561,0.9758591334555858
0.9607420904422727,0.9597271335188765
0.9888888888888889,0.9883198323176164
1.0580808080808082,1.0553843920300279
1.0,0.9901339692472679
0.8989247311827957,0.8882852263039581
0.9888059701492538,0.988531830372549
0.9974471188913202,0.9874832405845217
0.9987012987012988,0.9049582261936555
0.598757659699488,0.6457630002823399
0.9849056603773585,0.9861494098047427
1.0100671140939597,0.9823558241920736
0.5235562377429185,0.9170916147020413
0.9063745019920318,0.9397424133865571
0.9726647660573536,0.9666669916656301
1.0256410256410255,0.9625309538984189
0.8905230496831227,0.9717799394618308
0.987460815047022,0.9843299292604557
0.9276595744680851,0.9389828772235225
1.0153846153846153,0.9967580527796133
0.9865319865319865,0.9770306169117609
0.9881889763779528,0.9839229188470923
0.819672131147541,0.8126692987156455
1.0038167938931297,0.994132531525301
0.9592592592592593,0.9799275197791505
1.0,0.9877925041596088
1.0,0.9949584459438313
0.8785476650100629,0.9102881333630798
0.9662731871838112,0.9789547457977735
1.0025612879619465,0.9889282744716448
1.0235849056603774,0.9712783121572821
0.9879310344827587,0.9741372589803464
0.9742647058823529,0.9802704032830917
0.9763513513513513,0.9762313195847251
0.9964539007092199,0.9744347055770026
0.9885496183206107,0.9910292005908496
0.9574289079589433,0.9732894866308064
0.9817728367358917,0.9676210724398028
0.9706959706959707,0.9772808498264034
0.9823943661971831,0.978408306405257
0.984641638225256,0.9768566095374923
1.003875968992248,0.9954167950132843
0.8989809668182585,0.9696979325088623
0.9955357142857143,0.9684112803116746
1.0,0.9718342254901409
1.0654369784804567,1.0052920869025652
0.9933554817275747,0.9652376990113322
0.9967122339505105,0.9864986045081463
0.8574522756044672,0.9136234776075988
0.8169480961015412,0.8508565800208089
0.9962962962962963,0.9894112956682369
0.8823529411764705,0.9533366453679061
0.9671532846715328,0.9662961697235545
1.0,0.991506868511144
0.9862778730703259,0.9847074308677045
1.2025,1.15283210351935
0.9653092006033183,0.9993569401370099
0.9973157134007846,0.973834912244864
0.9882352941176471,0.9599758491513952
0.9692307692307692,0.9691326698419656
0.9953004363880497,0.9858873437758304
0.9828629032258065,0.9775764248073642
1.0,0.9162906070736538
0.9253246753246753,0.9347968796773135
1.0,0.9839128053897678
0.994459025955089,1.172078797753497
0.9625407166123778,0.963590816568225
0.8852847084092782,0.9636834386890211
1.0,0.9781512642099571
1.0,0.9882290209558542
0.9824561403508771,0.977725805882377
0.9821428571428571,0.9737605173408511
0.994661921708185,0.9780769390542535
1.0,0.9895476281428133
1.0127272727272727,0.988838538412881
0.9919191919191919,0.9820047556587989
1.014370245139476,0.9448878556793088
0.9696969696969697,0.9693477342202682
1.024390243902439,0.9993630612622098
0.980489417989418,0.9687134125675472
1.008,0.9775694734677254
0.9917355371900827,0.9807826423821198
0.9821428571428571,0.9785300468785644
1.00374531835206,0.9902596058748969
0.9927272727272727,0.9874514561390435
0.987012987012987,0.9757942971963258
1.0,0.982333869990525
0.9685106382978723,0.9763384338703734
0.9654471544715447,0.9706243832162069
0.9861680327868853,0.9815390570291879
0.9701492537313433,0.9728742975729119
0.9628099173553719,0.9692773333944358
0.9793103448275862,0.9679842605817996
0.9847328244274809,0.9897129258495092
0.9724409448818898,0.9794332779409869
1.0,0.9841431836436595
0.9923664122137404,0.9909931866695717
0.8891219237140178,0.9343619776233169
0.9940978077571669,0.9750957196275287
0.9583333333333334,0.9593384573296018
0.7448329563075188,0.7680312052175274
0.9781818181818182,0.9795983862261752
0.16710665258711724,0.15903557052731285
0.18796992481203006,0.2995453480389606
0.988013698630137,0.9806707009859443
0.991304347826087,0.9843012847893824
0.9907407407407407,0.9892091561595344
1.0,0.9745426958904972
0.9908683380375228,0.9775254496008797
1.0508882072121835,0.9869022096452267
0.9920844327176781,0.983818384734377
1.0,0.9849579770931375
0.25232590921905834,0.254042149360129
1.0115089514066495,0.9167686205976859
0.978021978021978,0.9803514451336227
0.9921568627450981,0.9820124569455148
1.0277306168647424,0.9157427944634702
0.9923664122137404,0.9908643701938818
0.9753191489361702,0.9812345089239736
1.0190839694656488,0.9999409850306552
0.9780162714211529,0.9815333963197389
0.9951956074124915,0.988412174152375
0.9781021897810219,0.9814456986342409
0.9598540145985401,0.9612662930477537
0.9870641053062191,0.9964058930559848
1.0348837209302326,1.0084759027492396
1.0,0.9902762402051545
0.9932838458819371,0.9876963721825506
0.9635036496350365,0.9704955764965113
1.309682087235101,1.2664953365647855
0.9961240310077519,0.9871380821679222
0.9914821124361158,0.9789341477339991
0.9983660130718954,0.9779807063326228
0.969762032563965,0.9627594705874186
0.9678571428571429,0.927737229297119
0.996078431372549,0.9818634919910544
0.9963898916967509,0.9868368457294774
0.9605488850771869,0.9718338980222473
1.0,0.9749724048668811
0.9708404802744426,0.9751820138935743
0.9734964322120285,0.9798196769764868
1.0178571428571428,0.9845018022176104
0.9893805309734514,0.9819731532948967
0.994263862332696,0.9912127867387391
0.979381443298969,0.9773589575359389
2.0802919708029197,1.628594493390134
1.0,0.964374572367638
0.9881013967925505,0.9836519454720174
0.6344537815126051,0.7316769870544401
0.9803921568627451,0.9773638448378985
1.0327102803738317,0.9699268421440448
1.0073529411764706,0.9878546309904752
0.9641791044776119,0.8622807950839686
0.9891696750902527,0.9823352411223092
0.973170731707317,0.972078696466786
0.33333333333333337,0.36095471108469335
0.9790681971640783,0.9813078515927518
0.9851301115241635,0.9856885230880805
1.0,0.9878366758189776
0.9706584783350393,0.9619655226857411
1.0068027210884354,0.9785582873341764
0.9366666666666666,0.9449742374780441
0.9940704569236135,0.9805280895236218
1.0,0.9884687810598173
0.9848484848484849,0.985561864585513
0.9694736842105263,0.9806364480344422
0.9886792452830189,0.9865345946241736
0.927536231884058,0.8958967960713251
1.0055768560474032,0.9876157110128625
1.0021551724137931,0.9835704156921529
0.9425531914893617,0.9421200792554478
1.021978021978022,0.990547821017195
1.0049586776859505,0.9805106965967038
0.7500735050902275,0.9474669203390917
0.04854368932038835,0.132606443084097
0.9480428295594172,0.9558164947625188
