Actual_Melt_Index,Predicted_Melt_Index,Water_Availability_Index
1.0863702448464776,1.1629396548168636,0.4623337492439983
1.0,0.9838809986341019,0.5040624919985109
0.8493845854009564,0.8697971869404101,0.5348173625377637
0.9784172661870504,0.9783628849219361,0.5054684393957678
0.9888888888888889,0.9885761332394394,0.5028723734961937
0.9963702359346642,0.9870224905190209,0.5032655668325096
0.9844357976653697,0.800660951968958,0.5553516329137564
0.5427175860443186,0.7901220706928705,0.5586211221969617
0.4755662995791925,0.46053549693444906,0.6846803806541659
0.978,0.9799560792683342,0.5050617084241265
0.9529914529914529,0.9502700098378962,0.5127495141470788
0.9696444058976583,0.97594968669931,0.506085760549112
0.9466666666666667,0.9543513751413246,0.5116787148512059
2.9655433260220394,0.9610008323664442,0.5099436897195229
1.0052173913043478,0.9874707025023084,0.5031520709920193
0.9818181818181818,0.977088899040353,0.5057941504225651
0.8618524332810047,0.8722080149204394,0.534128682299491
0.9477611940298507,0.9558946786076262,0.5112749735133416
0.9863481228668942,0.9763210606646812,0.5059906610840232
0.9827586206896551,0.9803053637699503,0.5049726260884727
0.9609665427509294,0.9791565235227324,0.5052657473599329
0.987037037037037,0.9882850226494816,0.5029460005022086
0.6892545982575023,1.0071393999362233,0.49822149873186433
0.975925925925926,0.9817702037159741,0.5045993718771843
0.8515531728847973,0.944747273510217,0.5142056315600466
0.9948453608247423,0.9796358009795156,0.5051434205752412
0.8999204951361731,0.9639259573565385,0.509184165652563
1.0,0.9854625163862866,0.5036609816336832
0.17780231916068473,0.17523941001927665,0.8508904581268234
0.9864636209813875,0.979743946071777,0.5051158267129482
0.9433333333333334,0.9506044795921883,0.512661593091937
0.9724137931034482,0.9814690403416515,0.5046760659089463
0.92,0.9333269160428072,0.5172430961892522
0.9438025210084033,0.9532337275443424,0.5119714993132064
1.00945179584121,0.9953519387928503,0.5011647221517126
0.9956342469075916,0.9734812672732849,0.5067187698121288
0.981203007518797,0.9852092719404959,0.5037252314576001
0.9229500687127806,0.9189083466903614,0.5211296317120881
0.9823943661971831,0.9787236423251848,0.5053762832817355
0.9809663250366032,0.9459165168973865,0.5138966606822489
0.9773596938775511,0.9725391898378352,0.5069607768260418
1.2650862068965518,1.1611865895324616,0.4627087752827182
0.9891750653228817,0.9886762586716341,0.5028470549892142
0.9664179104477612,0.9635642281342598,0.5092779679278332
0.9708410584864319,0.9805486275525067,0.5049106020869406
0.9912280701754386,0.9831569085229167,0.5042465352601949
1.002384602282405,0.988109524059357,0.5029903976105815
0.9639953542392566,0.9674168390886756,0.5082806958505086
0.9965397923875432,0.9849439141267102,0.5037925721140373
0.9962121212121212,0.9889309537894054,0.5027826622612276
0.9924812030075187,0.9883320054951603,0.5029341162523645
0.9947368421052631,0.965978056265309,0.5086526763679451
0.9857142857142858,0.9787912854330005,0.5053590074716643
1.0,0.991954470986012,0.5020195062515674
0.9941860465116279,0.9851271786473004,0.5037460625980735
0.9910215144841606,0.9839819014798397,0.5040368560086693
0.9090545105119094,0.9403035442769508,0.5153832775029268
1.0,0.9835266097690385,0.5041525508530686
0.9694244604316546,0.9703479113417416,0.5075245819501152
0.6666666666666667,0.736332571222542,0.5759265342214398
0.9771863117870723,0.9692607706836598,0.5078047635371492
0.9889742733043769,0.9833869045211797,0.5041880622083745
0.9568965517241379,0.9501504597842539,0.5127809472252877
0.9961832061068703,0.9907710532430112,0.5023179327281142
0.9894566098945661,0.9814942524162004,0.5046696445274151
0.9911504424778761,0.9798144118629969,0.5050978485700608
0.9835526315789473,0.9745454575141426,0.506445671430098
1.0098684210526316,0.9863591175851026,0.5034336395403367
0.9609929078014184,0.9592951609233211,0.5103876230311049
1.0147492625368733,1.0598609215202517,0.48546966911822564
0.9775280898876404,0.9848456391970543,0.5038175162097431
0.9280964724444946,0.9716946280289688,0.5071779299818165
0.4246884017568057,0.7473218491777847,0.5723044100149938
1.0377358490566038,1.011333653641479,0.4971825525762571
0.9791666666666666,0.9729178749285603,0.5068634699435779
0.9964664310954063,0.984110866719548,0.5040040941126245
0.9532374100719424,0.9605953398753223,0.5100491568360005
0.9489795918367347,0.9581150335461303,0.5106952262089568
0.99,0.9146631996710031,0.5222850682939069
0.9693877551020408,0.9644579589944695,0.5090462717318021
0.9925925925925926,0.9884331475212612,0.5029085344139324
0.9925373134328358,0.9884701213226839,0.5028991832850993
0.18075524115018907,0.33809229708774763,0.747332603420871
0.96,0.9263689159101621,0.5191113663332366
2.625,1.807597164320071,0.3561764531993231
1.0,0.9855012455613241,0.5036511572256851
0.968,0.9805262408535941,0.5049163092981824
0.9886382906562659,0.9861689060986317,0.5034818523890137
0.9623015873015873,0.970824971518444,0.5074017299616104
0.9876325088339223,0.9756060693410137,0.5061737840953088
0.9963898916967509,0.9869631453250406,0.5032805980084816
1.0219112502301602,0.9371626766477629,0.5162189071960069
0.9884615384615385,0.957847073858205,0.5107651222367248
0.9421768707482994,0.938867658455153,0.5157649598409301
1.0169491525423728,0.988186068902356,0.5029710325613955
0.9814814814814815,0.9863575999008748,0.5034340241907616
0.9748201438848921,0.9720854273499258,0.5070774248069937
0.7871518499984305,0.8894743773338761,0.529247716717408
0.9629629629629629,0.975728734852861,0.5061423576827582
1.6,1.5187719885685325,0.3970188665502508
0.9929824561403509,0.9777234531304891,0.5056318659806177
0.8523206751054853,0.9779834313827054,0.505565407745075
0.9981070383754947,0.9841190580920238,0.5040020133477392
0.9730769230769231,0.9693267613988017,0.5077877473668746
0.9657534246575342,0.9678499467824346,0.5081688274225717
0.985781990521327,0.9589976429766814,0.5104651368954727
0.9859649122807017,0.9759807204457425,0.5060778122240077
1.0242085661080074,1.0008496039688888,0.4997876891978279
0.9957689866723081,0.9316088493013087,0.5177031573248977
0.9699499165275459,0.9723693226919038,0.5070044380102164
0.9766139657444005,0.9675828150623248,0.5082378196967146
0.992822966507177,0.9845663311878305,0.5038884235234737
0.9858156028368794,0.9733264010555535,0.5067585369886549
1.0,0.9926338953436518,0.5018483336737273
0.996309963099631,0.9902065316241985,0.5024604150926509
0.9859154929577465,0.9817121597732398,0.5046141514892992
0.875,0.8781115836166522,0.5324497270147892
1.0238095238095237,1.0116134714905267,0.4971133938862714
1.0064704937223128,0.9821948129309124,0.5044912808148158
0.9906015037593985,0.9870249936185281,0.5032649328576998
0.9982174688057041,0.9738594912059253,0.5066216741643814
0.6000885534729815,0.6608502163581875,0.6021012552189925
0.9824868651488616,0.9796976112891893,0.5051276489386654
0.996031746031746,0.9818422701562323,0.5045810229495045
0.9868913857677902,0.9862767452345192,0.503454517301883
0.9847328244274809,0.9894086683722328,0.502661929596505
0.996415770609319,0.9776038078590881,0.5056624567701348
0.9859154929577465,0.97305325138884,0.5068286926853576
0.990530303030303,0.9855624124623826,0.5036356418330141
0.995,0.9806734966046116,0.5048787706374925
0.8974910394265234,0.9320307023255167,0.5175901184159939
0.9961538461538462,0.9918447475907213,0.5020471606582649
0.923653715064758,0.9335596190715624,0.5171808462157326
0.8979848866498741,1.000116214468438,0.4999709480710178
0.994535519125683,0.9873967107353228,0.5031708035936152
0.979820247583517,0.9800002624252621,0.5050504381121245
0.9963503649635036,0.9875570988739817,0.5031301996639663
1.0009587727708533,0.9397050578152057,0.51554229648004
0.9959514170040485,0.9838860610539083,0.5040612057472523
1.0064954236787718,0.9749833554854419,0.5063333811004218
1.00374531835206,0.9901933600270465,0.5024637405012798
1.010665749182866,0.9858009611951999,0.5035751414875572
0.9963768115942029,0.9833769793529434,0.5041905852543674
0.25902061855670105,0.3059672469896224,0.7657159873688213
0.926056338028169,0.9377580401495247,0.5160603023083502
0.9310344827586207,0.9535205129973283,0.511896339632328
0.8509267725043638,0.9867211961399264,0.5033418891100255
0.9710982658959537,0.9684138834240179,0.5080232406512595
0.9859154929577465,0.9732161404134758,0.5067868539684942
0.633337492536027,0.9132414354193342,0.5226731877573126
0.9730769230769231,0.9606075316021809,0.5100459851762449
0.9773584905660377,0.9855614037868832,0.5036358976825344
0.9746376811594203,0.9775731764048377,0.5056702891864496
1.0080091533180777,0.9551228055153854,0.51147682241699
1.0036672457054623,0.9808265237030181,0.504839766649817
0.984251968503937,0.9826605972590116,0.5043727612191818
1.0,0.9777609584132708,0.5056222774274428
0.9333333333333333,0.9410762313569547,0.5151781181210625
0.9762773722627737,0.9759427233961717,0.5060875440160734
0.9672727272727273,0.9687278367304576,0.5079422261132542
0.9893238434163701,0.9775418614290691,0.5056782966290032
0.9526515151515151,0.9634163526444146,0.5093163244021862
0.9823943661971831,0.9696856218062408,0.5076952326447812
0.8219299419181317,0.9587987873834548,0.5105169588836589
1.0954545454545455,1.023253840428751,0.49425335566796125
0.9898785425101214,0.9850185907125034,0.5037736193901637
0.965651099037324,0.9454368096018662,0.5140233777136406
0.9797529169526424,0.9841179568176822,0.5040022930914326
0.9767441860465116,0.9790493452391488,0.5052931107582666
0.9924528301886792,0.9867147556431172,0.5033435208348725
1.0038022813688212,0.9934298747591569,0.5016479449124431
1.0809748427672956,1.0483166352420334,0.4882057699452496
0.9844444444444445,0.9294678410923174,0.5182776197160541
0.9852992649632482,0.9845730811944141,0.5038867096787137
1.3493265380414998,1.3127886048024695,0.43237847070134966
0.9237379162191193,0.9272267523034695,0.5188803023851631
0.9726666666666667,0.9760644904715434,0.5060563583941394
1.0127659574468084,0.984813520644975,0.5038256690608622
0.5895147058954135,0.87737253495138,0.5326593317963384
1.3691387894663174,1.3286257713837804,0.42943783079655273
0.9608695652173913,0.9575850382145366,0.510833491510578
0.9432648799164637,0.8695793856204281,0.5348796674221703
0.9797979797979798,0.9752243339441372,0.5062716081485262
0.9779411764705882,0.9784683460267047,0.5054414956945196
1.4625,1.3023233952361286,0.4343438467719862
0.9885496183206107,0.990961495756165,0.5022698842401274
0.9580152671755725,0.965561206417877,0.5087605497782706
0.35000000000000003,0.36382313950224154,0.7332329031790537
0.9888059701492538,0.9883523435448924,0.5029289719432577
0.8750989821735519,0.9762924244193872,0.5059979928293198
0.9929078014184397,0.959278909810899,0.5103918564082924
0.970873786407767,0.9724988142260576,0.5069711539433125
0.9816176470588235,0.9821650279584763,0.5044988615453208
1.0112781954887218,0.9929147878080725,0.5017776003859453
0.9172515097111147,0.879994970456433,0.531916316646962
0.9829931972789115,0.9761306851550898,0.5060394069643822
0.9726962457337884,0.969940700149408,0.5076294935802667
0.9924528301886792,0.9882677941818373,0.5029503585614811
1.0,0.9900930155877303,0.5024890757202481
1.0074906367041199,0.9906762603154992,0.5023418523318862
0.9884615384615385,0.9644612162032107,0.5090454276988671
0.9890510948905109,0.9834360594405392,0.5041755670621751
0.9806451612903225,0.9759833052190795,0.5060771502262914
0.19230769230769232,0.24163011802842466,0.805392834371554
0.9820801124385102,0.9753843375275035,0.5062306008012868
0.9645702661468045,0.9692626317752758,0.5078042836259516
1.0129268763264518,0.9740641942881415,0.5065691393894136
0.9725085910652921,0.9771883966318099,0.5057686974612663
0.45510758750014835,0.6097287892543221,0.6212226597893128
0.020591471582573198,0.12117609611700937,0.8919205497364054
0.7418181818181818,0.8194279839283944,0.5496232930532721
0.969254820218864,0.9715103128283807,0.5072253457124318
0.975925925925926,0.9818079725390241,0.5045897553428622
0.2746344564526383,0.2953636979160795,0.7719839621943653
1.0,0.9837747985426158,0.5040894766556425
0.14068420580048488,0.13275263976290966,0.8828052700096153
0.9868421052631579,0.9861401677897432,0.5034891374825978
0.9518518518518518,0.9630922319785914,0.5094004161954758
0.9963503649635036,0.9875570988739817,0.5031301996639663
0.9618181818181818,0.966228189968115,0.5085879681219586
1.0,0.9741689889507353,0.5065422492182379
0.9653846153846154,0.9819667421785865,0.5045493341128396
0.9669003750203815,0.9707062599765521,0.5074322948626033
1.0033557046979866,0.979012736958961,0.5053024577985509
0.4077394427842675,0.5170298728943323,0.6591828004626605
1.003960396039604,0.9884107790167458,0.5029141918524966
0.417153006851053,0.44304550280071475,0.6929788409715175
1.0038860103626943,0.9840834027365258,0.5040110706136449
0.9674672117186169,0.9681829285293623,0.5080828542432312
0.9841269841269841,0.9821479486367075,0.5045032085964044
0.473236185254653,0.6134610072144757,0.619785662949753
0.9929078014184397,0.9820368703935022,0.5045314822026826
0.9882747068676717,0.9879318097376655,0.503035363236108
0.9959016393442623,0.9783838646718996,0.505463079161254
0.12391378332387976,0.15813431035948766,0.8634577104356727
0.9094827586206896,0.8961351991045748,0.527388553554745
0.9899138474469427,0.9750867591822554,0.5063068725214024
0.9852459016393442,0.9826221491812426,0.5043825422877309
0.9883720930232558,0.9793511863829987,0.5052160560892517
0.9925925925925926,0.9893528325791895,0.502676037967334
0.9700704225352113,0.9682929449986881,0.50805445527859
0.8442800710419047,0.9629559530393541,0.5094357815067854
0.3154755865567534,0.4168245842552148,0.705803676130925
0.9416058394160584,0.9502015017532223,0.5127675263817634
0.9925093632958801,0.9892334614650032,0.5027062028523961
0.9074016723443791,0.9016469943063271,0.5258599535003471
0.914179104477612,0.9329998388329084,0.5173306173702384
0.8572916666666667,0.8093849277811772,0.5526739969179945
0.9509433962264151,0.9620779773020931,0.5096637399574839
0.9564516129032258,0.9674406343844207,0.508274548427675
0.9928057553956835,0.9825536186219278,0.5043999771845261
1.0,0.9942709020585232,0.5014363890922651
0.9815421769880973,0.9812366764577319,0.5047352554506045
0.9973474801061007,0.9850833147878668,0.5037571937411924
0.9865546218487395,0.9851899195529161,0.5037301419630469
0.96875,0.9737279507600405,0.5066554383115066
0.5,0.7019428588557091,0.5875637920490139
0.9889705882352942,0.9842831426134658,0.5039603363675795
0.9912191827085444,0.971718684956154,0.5071717419071055
0.9798657718120806,0.976899563372781,0.5058425923742447
0.972027972027972,0.976251471390729,0.5060084784130632
0.8356302615227934,0.9823249313364015,0.5044581663642002
0.516245487364621,0.775935869759882,0.5630833956494198
0.9921568627450981,0.9815835056082409,0.5046469135263887
0.9462809917355371,0.9547414089614719,0.5115766184803373
1.0169491525423728,0.9541046189805117,0.5117433274998942
0.9964028776978417,0.9817252808381518,0.5046108104232588
1.0,0.9983464853938838,0.5004137206981376
0.9835255354200988,0.9777444821657738,0.5056264896792569
0.981616429281219,0.9655115845910137,0.5087733940820712
0.9781818181818182,0.9764807984952264,0.5059497672637852
0.9724540901502504,0.975309723017022,0.5062497229409844
0.933993399339934,0.9479151205900145,0.5133693914225095
0.9822064056939501,0.9743273136056265,0.5065016287363944
0.9096880131362891,0.850509548439871,0.5403916995959739
0.9841269841269841,0.9788501242571299,0.505343981204946
1.0231660231660231,1.0028822747248056,0.4992804682628684
1.043650934154776,1.1209589508700888,0.47148484396162704
0.9851851851851852,0.9873331401327288,0.5031868989681381
0.9873843566021867,0.985012038559039,0.5037752822526561
1.0,1.0001779093100018,0.4999555266286129
0.9461538461538461,0.956521449874556,0.5111111866747567
0.9946428571428572,0.9787238085688372,0.5053762408222477
1.0419078490391294,1.0073042334288418,0.4981805863537773
0.98,0.9766248541597148,0.5059128938379717
1.0,0.9870564757056506,0.5032569593397573
1.003921568627451,0.9940634100702678,0.5014885659853523
1.0026666666666666,0.9804644085441947,0.5049320733489387
0.9897959183673469,0.9777406874165839,0.5056274598396648
0.9964539007092199,0.9848162071305419,0.50382498712347
0.05762575452716298,0.09411706785362836,0.913978978466846
0.9601328903654485,0.968950934196215,0.5078846723055748
0.6871174395408103,0.9255312753328973,0.5193371890711638
3.0144927536231885,1.8312920605280727,0.3531956359929491
0.9973799126637555,0.9863568720953002,0.5034342086501074
0.9733201581027668,0.9768689728478023,0.5058504198988151
0.8013698630136985,0.8407966439371569,0.5432430590818369
0.9566003616636528,0.9653901151637999,0.5088048384311009
0.9670292318150918,0.9752863329910744,0.506255717613229
0.9923664122137404,0.9913204597649273,0.5021793429059874
0.9745454545454545,0.9790457989808136,0.5052940161945665
0.9893992932862191,0.9780218905801223,0.5055555779045073
0.7592865324824088,0.8737163737249328,0.5336987038289088
0.9892857142857143,0.9821969619544321,0.5044907338643114
0.9776186213070726,0.9757472582302782,0.5061376124068231
0.995640802092415,0.9821081299938558,0.5045133435798479
0.9817131857555341,0.9677802362020728,0.5081868298108617
1.0,0.999890288193304,0.5000274294563416
0.9603192196852139,0.9195375960758276,0.5209587986420959
0.9814814814814815,0.9840698309417794,0.504014518241694
0.996268656716418,0.9892194623811852,0.5027097406351309
0.9962825278810409,0.989846862244697,0.5025512359639197
0.9827586206896551,0.9790560858344604,0.5052913897477314
1.0,0.9809658932057101,0.5048042489927699
0.4632167832167832,0.45887675496090774,0.6854588618260603
0.9930555555555556,0.9856209924316269,0.5036207835289765
0.9609649122807017,0.9380451699285001,0.5159838457412698
1.0,0.9895034564834445,0.5026379807188445
1.0017857142857143,0.9789928450162471,0.5053075368707511
0.9681208053691275,0.9660771697275302,0.5086270342778995
1.0350404312668464,0.9744961755813537,0.5064583119314316
0.9932773109243698,0.9783894989269245,0.5054616396530605
0.9735849056603774,0.9839955990908039,0.5040333761114517
1.003454231433506,0.9888377105119244,0.502806234372236
0.9924812030075187,0.9886906150267474,0.5028434249369403
0.9778112072207596,0.9424082648417567,0.5148248275608874
0.8511342937572446,0.8528537979105351,0.5397079905212709
0.9380699995225136,0.9471837056487895,0.513562226871042
0.9297484822202949,0.9408187653796801,0.5152464608432262
0.9828178694158075,0.9840494216395886,0.5040197028830133
0.9404255319148936,0.9414804301603783,0.5150708626598898
0.9364604125083167,0.9353526569292441,0.5167016959000458
0.9502664298401421,0.9378622875784336,0.5160325408105274
1.0049423393739703,0.9807717556446006,0.5048537253978417
0.9777626888473944,0.982437224216427,0.504429591910663
0.9632352941176471,0.9736699185873106,0.5066703355927762
0.9272727272727272,0.923900941310743,0.5197772809023659
0.960431654676259,0.8690061621553898,0.5350437148087154
0.9961538461538462,0.9916734204454895,0.5020903476114693
0.9777777777777777,0.9705695065450509,0.5074675096100895
0.9385550303848751,0.96127672615251,0.5098719556835446
0.35137172143503165,0.6881048508234555,0.5923802656643047
0.9832214765100671,0.9351877062391298,0.5167457382950276
0.9874476987447699,0.9848153746988616,0.5038251984276981
0.980594195431908,0.9780753307806443,0.5055419196827815
0.9773771650759986,0.9732093942585357,0.5067885866090586
0.9833333333333333,0.9770253319147595,0.5058104131784162
0.519861458470449,0.9276835288071785,0.5187573504966269
0.9689922480620154,0.977138863468877,0.505781368459627
0.9592857142857143,0.9514881742719988,0.5124294439411856
0.9788092835519677,0.982989373860861,0.5042891369876631
0.8571428571428571,1.142937831230276,0.46664909519371955
0.9744525547445255,0.9686225910434293,0.5079693815105362
0.9962546816479401,0.9844758361733933,0.503911401576081
0.9865771812080537,0.98032122625396,0.5049685812294364
0.4615384615384615,0.5425105206224901,0.6482937954915494
0.6312537396784872,0.6892041722550525,0.5919947490213813
0.5506391347099313,0.605235062157987,0.6229617229115696
0.989010989010989,0.9844532665470531,0.5039171326720125
0.9973707274320771,0.9850666476487864,0.5037614234184281
0.9671532846715328,0.9671190550700287,0.5083576397791543
0.959630516592542,0.9692096077484637,0.507817957044893
0.9525547445255474,0.9625534099033374,0.5095402728679133
0.9838709677419355,0.9806189466843225,0.5048926759355005
0.9323308270676691,0.8482221536830026,0.5410604986025478
1.0021668472372698,0.9822237639908203,0.5044839125461272
0.20126547455295735,0.2737632320338779,0.7850752595545193
0.9933993399339934,0.9799535589517722,0.5050623513257657
0.7160751565762005,0.7791894720628844,0.5620536855136334
0.9880749574105622,0.9767736765722127,0.5058748059282291
0.9680851063829787,0.9649190614904506,0.5089268151541416
0.23121180189673338,0.2198879065079317,0.8197474494706763
1.0117845117845117,0.9773719652423964,0.5057217446073252
0.9904264577893821,0.9840981977520173,0.5040073123059129
0.8417141899804598,0.9304597763880647,0.5180113112074386
0.999812769144355,0.9902326179786649,0.5024538292491797
0.9666666666666667,0.922939207707556,0.5200372409027721
0.7,0.72016210637739,0.5813405587139517
0.9760782259472673,0.9773062725834899,0.5057385463575299
1.0118577075098814,0.9465035508002717,0.5137416777836686
0.9922480620155039,0.9858008108726805,0.5035751796075357
0.11562173906468183,0.4593058951764165,0.6852572879376392
0.9849624060150376,0.9855342169966229,0.5036427936823115
0.9761424731182796,0.9633631046765704,0.5093301374656994
0.9963369963369964,0.9884258075527689,0.5029103908235519
0.9963235294117647,0.987618950313884,0.5031145430778271
0.9854014598540146,0.9820249534513884,0.5045345157025674
1.0155038759689923,0.9970923520057248,0.5007279703393173
0.992310889443059,0.994672698323907,0.5013353824115028
1.006312662458225,0.9924837469904868,0.501886151648882
0.9893617021276596,0.9780218905801223,0.5055555779045073
0.9199999999999999,0.8907151852306265,0.5289003906096102
0.9779661016949153,0.9789523148324228,0.5053178858858354
0.6757281553398058,0.6325206640722932,0.6125496736473266
0.9860627177700348,0.9738012336259372,0.5066366273178213
0.9633333333333334,0.9744809378641925,0.5064622204363775
0.9722222222222222,0.9778850317801309,0.5055905595786742
0.9731800766283525,0.9671012424253159,0.5083622430979002
0.9956435643564356,0.9834439042253601,0.504173572980655
0.9911165302212158,0.9846292747480286,0.5038724424373723
1.0,0.9914623058222027,0.5021435741346538
0.7930645051398887,0.9482032547200524,0.5132934654416719
0.9615384615384616,0.971094884790474,0.5073322485468776
0.991869918699187,0.9813272516055869,0.5047121817910901
1.024526623030826,1.0194097266182445,0.4951942079008532
0.9713375796178344,0.9671928177740553,0.5083385781834714
0.8354430379746836,0.790060685642447,0.5586402785227939
0.9834368530020704,0.9581839961524763,0.5106772407316384
0.7236467236467236,0.7869029982128051,0.5596274677473614
0.9962546816479401,0.9886046091127902,0.5028651726026859
0.9808429118773946,0.9748204019969839,0.5063751615026748
0.9477178423236514,0.9610528191344272,0.5099301713053204
0.9763513513513513,0.974073061004537,0.5065668640912079
0.86328125,0.8694974451074141,0.5349031113238798
0.9734848484848485,0.9733991594563234,0.50673985301357
0.9920634920634921,0.9823743628598345,0.5044455874405928
0.9749518304431599,0.96990220170524,0.507639414349785
0.9834453368300279,0.9772737410266636,0.5057468671387747
0.7946988334259185,0.7655026009262623,0.5664109469311204
1.0952857647701355,1.0308605230676415,0.4924021067136048
0.95,0.9193733460977205,0.5210033795838109
0.8884615384615384,0.9074484318225682,0.5242605688922869
0.9887218045112782,0.986614651996141,0.5033688838422714
1.003921568627451,0.9932418037158672,0.5016952775803553
0.9647395740110972,0.9500938184309723,0.5127958411788572
1.0008431703204048,0.9782507606046654,0.5054970885967679
1.0,0.9795885030517499,0.505155489869936
1.0,0.9753476828860473,0.5062399944393421
0.989679321784003,0.9540849397322188,0.5117484811776077
0.29781345142540827,0.35886655947051904,0.7359074318449995
0.975177304964539,0.9739654820443476,0.5065944714313569
0.9745762711864406,0.974732954854842,0.5063975853249016
0.9345112660074566,0.9474277177160532,0.5134978776890379
0.9924528301886792,0.988286523134863,0.5029456209476965
0.9654725239098719,0.9741208083728978,0.5065546119359413
0.2835538752362949,0.5957198472481477,0.6266764192502342
1.0130944176430048,0.9594810405625139,0.5103392068100475
1.0052910052910053,0.9793563365417015,0.5052147415493581
0.9866666666666667,0.9823958897671085,0.5044401096480683
0.9007936507936508,0.9382526607429286,0.5159286094397527
0.9943425338590777,0.9823844330818097,0.5044430249310435
0.9857142857142858,0.9759962201913523,0.5060738425416429
0.981203007518797,0.9854050353892415,0.5036755635123835
0.9366666666666666,0.9163328036503104,0.5218300276941241
0.9804270462633452,0.9734189572347387,0.5067347692865249
0.9888888888888889,0.9875253053838116,0.5031382479967417
0.9350877192982456,0.9433525801798615,0.5145746634959303
0.989247311827957,0.9869571840552804,0.5032821079511386
1.003800967519005,0.9787745843615682,0.5053632727563256
0.9354838709677419,0.9490976730947418,0.513057921008247
0.9814814814814815,0.9860332985500533,0.503516230432829
1.0128205128205128,0.991371575968427,0.502166452543488
0.9705882352941176,0.9754156162810927,0.5062225851401311
0.9789473684210527,0.9737920560976536,0.506638983022903
1.0246679316888045,0.9959522117098083,0.501013999299794
0.08584019247815625,0.12405616410202552,0.8896352619522974
1.0,0.985704897495879,0.5035995032600635
0.9817148943724481,0.967421625747149,0.508279459223815
0.747100990934008,0.8283987973729846,0.5469266340782901
0.9920844327176781,0.9848659418753695,0.5038123627911947
0.9453376205787781,0.9709558785828487,0.5073680293234252
0.7871675471750647,0.9251972547468249,0.519427293766584
0.887298747763864,0.877855516817139,0.5325223325460866
0.998062015503876,0.9930002159231275,0.5017560921521602
1.007380073800738,0.9928487667531413,0.5017942237680458
1.0123239436619718,0.9814637750357993,0.5046774069750192
0.9365079365079365,0.948184028627227,0.5132985309938314
0.9830621056127532,0.977189497575955,0.505768415837736
0.9475524475524476,0.9545258713325512,0.5116330331909205
1.0,0.9914482989013643,0.5021471059789384
0.809288537549407,0.7272473091786708,0.5789558881846013
1.0110691823899371,0.9514315353598802,0.5124443168412677
0.9962277091906722,0.9866251258666756,0.5033662299845044
0.7455555555555555,0.8053043170235952,0.5539232308759444
1.0035398230088495,0.985315160710927,0.5036983647683964
1.008,0.9839809022185887,0.504037109874268
0.960431654676259,0.963908355788374,0.5091887292258955
0.9925093632958801,0.9890483086110007,0.5027529978386114
0.9243225087590156,0.9557958380635857,0.5113008119447121
0.983633387888707,0.9758649827583761,0.5061074560894162
0.6372041898357689,0.7142048750734296,0.583360842418071
1.0,0.9592691408412827,0.5103944012360722
0.9338270809853486,0.9494271220853017,0.5129712153231459
0.07575757575757576,0.1265544175097317,0.8876624017954832
0.9569220651101611,0.9400559058553303,0.5154490635975363
0.12305263157894736,0.6036635252036915,0.6235722046948619
0.9774193548387097,0.9023571272967496,0.525663654658261
0.9275862068965517,0.9438625040402543,0.5144396776631747
0.9416355334163554,0.9237982912153828,0.5198050151963894
1.0,0.9884757124374133,0.5028977692537316
1.001908396946565,0.9925061030630288,0.5018805204474533
0.9806201550387597,0.977434285725581,0.5057058063666927
0.9687235841081995,0.9803976949545343,0.5049490829784862
0.9854014598540146,0.9821088562779873,0.5045131587161183
1.015267175572519,0.9455931378166352,0.5139820759864575
0.9929806539976032,0.9837276484848477,0.5041014580624464
0.9810606060606061,0.9850539746873188,0.5037646395270021
0.9965986394557823,0.980217524833728,0.5049950257782748
1.004201680672269,0.9781649208875283,0.5055190239402979
0.9173913043478261,0.9200148329406589,0.5208293096717481
0.9695340501792115,0.9656624112721705,0.5087343555360573
0.9568725015398365,1.0960817802313556,0.4770806222501608
0.9925925925925926,0.9893970042385583,0.5026648767789564
0.9300699300699301,0.914659808189676,0.5222859934295623
0.9694693094629157,0.9667219150841068,0.5084602923933123
0.9839730502245814,0.9547330145169717,0.5115788154051857
0.9712351945854484,0.9714112157133189,0.5072508424571219
0.9710391822827938,0.9738170909796908,0.5066325570743015
0.6686274509803921,0.6223098210399506,0.6164050707397981
0.992,0.9833568786061484,0.5041956950797347
0.9690721649484536,0.9749473981653803,0.506342599771997
0.9962406015037594,0.9898736491971443,0.5025444708026918
0.9194836391966759,0.9492049173942079,0.5130296928128258
0.9789354187689203,0.981100144874985,0.504770040316717
1.0134030728996404,0.9504142129048513,0.512711604224135
0.6915228335131248,0.9698113904772786,0.5076628172800358
0.9951670155334444,1.0442079284032972,0.4891870274571756
0.9426229508196722,0.944428649249876,0.5142898919874387
0.9903846153846154,0.9867302229045956,0.5033396021619896
0.9779768570362075,0.9826566044907059,0.5043737769490722
0.9962121212121212,0.9871277007824226,0.5032389209844211
1.0424028268551238,0.9950484826261952,0.5012409516402546
0.9818181818181818,0.9805755069184514,0.5049037496964129
0.9959349593495935,0.9789575596120474,0.5053165466550171
0.9982578397212544,0.9811748033875923,0.504751018582565
0.9923371647509579,0.9912147445237892,0.5022060040235168
1.2496435145575693,1.2752453332062004,0.43951304301362226
0.9885931558935361,0.9895911233128477,0.5026158331139466
0.9813432835820896,0.9835830001804535,0.5041382185212449
0.8181818181818182,0.8820849386320003,0.5313256482073828
0.9683995922528033,0.9710770925181226,0.507336828070212
0.9887218045112782,0.9862963537289455,0.5034495472554557
0.968,0.9808795050648778,0.5048262640120799
0.9747048903878583,0.9704176914693754,0.5075066085375443
0.9925093632958801,0.9903667074234366,0.5024199793285916
1.0075471698113208,0.9933461632494072,0.5016690118538534
0.9976002742543709,0.9882462601914663,0.5029558058385086
0.9928571428571429,0.9796390292867819,0.5051425968098219
0.9835164835164835,0.9841578740154489,0.5039921535962485
0.978623914495658,0.9772564788757515,0.5057512824884458
0.973724884080371,0.9807553743681552,0.5048579006476213
1.0267175572519085,1.0034526538874922,0.4991383240625147
1.0,0.9034575388100409,0.5253597622278229
0.9801980198019802,0.9776853356255841,0.505641611426359
1.0,0.9914451667619559,0.5021478957545072
0.6411276374956763,0.7687204371197288,0.5653804745019224
0.9834254143646409,0.9448212961242117,0.514186060175748
0.9773584905660377,0.9854035905315227,0.5036759300572661
1.0034602076124568,0.9898536265616846,0.5025495275890839
0.9593023255813954,0.9722230592363391,0.5070420383317129
0.9773786910723536,0.9828984050310978,0.5043122721077165
0.9679037111334002,0.9712026213762256,0.5073045201724796
0.9549180327868853,0.9702892298097532,0.5075396976597988
0.9507575757575758,0.9620864720829079,0.5096615333871712
0.9536423841059603,0.962102436121127,0.5096573866841001
1.0033557046979866,0.966957663039538,0.508399351338707
0.926923076923077,0.9500793893620174,0.5127996354687678
0.5,0.7252708567575981,0.5796191340525848
0.9854545454545455,0.980445696930839,0.5049368440395677
1.0033333333333334,0.9816757777427935,0.5046234158137812
0.8675143560295324,0.9753314276668427,0.5062441603438403
0.9911032028469751,0.9756595407571526,0.5061600844529921
0.9728813559322034,0.9703576022729713,0.5075220857606847
0.9929078014184397,0.9779721387217363,0.5055682941248352
0.9927797833935018,0.9867958140132457,0.5033229851536889
0.9910394265232975,0.9771710242680388,0.5057731413852812
0.9347826086956522,0.9108389181488628,0.5233303500897691
0.9600760456273765,0.9623594455371655,0.5095906370640805
0.9827586206896551,0.9827618662552624,0.5043470005243984
1.001733102253033,0.9867571423443282,0.5033327821940143
0.9812286689419796,0.9720113689645702,0.5070964679707008
0.49609826589595374,0.49280077991854354,0.6698817507682212
0.9653846153846154,0.9691057558560046,0.5078447396875759
0.83,0.9619435626187317,0.5096986575216444
0.9876543209876543,0.9780749599934105,0.5055420144458688
0.9861111111111112,0.9843257842773098,0.503949506640211
1.0074349442379182,0.9927302840511935,0.5018240591832697
0.4166666666666667,0.44220203387447293,0.6933841282372221
0.9461538461538461,0.957180392722896,0.5109391059292014
0.41341196688017495,0.9334060176721755,0.5172219341719034
0.9249262536873156,0.8971926317702575,0.5270946045509922
0.9921568627450981,0.981159094987534,0.504755020699785
0.9682835820895522,0.9810571471302947,0.5047809960699885
0.9926739926739927,0.984838692921652,0.5038192794035143
1.005084745762712,0.9814403634166808,0.5046833699681266
0.9865384615384616,0.9737558645495245,0.5066482729505316
0.9950506155787895,1.0355810366522975,0.4912602259473752
0.9743240945417446,0.9798735128733768,0.5050827709436382
1.100702576112412,0.9801838231132475,0.5050036205365008
0.9918060771594401,0.985574993873876,0.5036324505925562
1.0,0.999960828605183,0.5000097930405079
0.9395973154362416,0.9589754166658779,0.5104709285744751
0.935672514619883,0.9402948842901607,0.5153855777782154
1.0530612244897959,1.0020699556946229,0.4994830461121663
0.996078431372549,0.9847451633494388,0.5038430214952173
0.9834437086092715,0.9780452594505346,0.5055496052086199
0.9910714285714286,0.9790926410153746,0.5052820566736833
0.972176759410802,0.9745856948096424,0.5064353512884149
0.992619926199262,0.9887734479490671,0.5028224813797948
0.9891075193253689,0.9839112758972575,0.5040547992992948
0.986159169550173,0.9758113911435108,0.5061211836729239
0.9650735294117647,0.9745064451517781,0.506455677800095
0.9387911765369941,0.9076066248311396,0.5242170932849006
0.9885496183206107,0.9906113704990211,0.502358227638031
0.974910394265233,0.9759227979666987,0.5060926474602342
1.0325581395348837,0.9678701533940018,0.5081636094105557
0.9832421340629275,0.9834097164758567,0.5041822633483971
0.8828775267538644,0.9379243257170158,0.5160160212293162
0.8335084568750318,0.8008055572781394,0.555307037985527
1.0032786885245901,0.9687088519402401,0.5079471243370804
0.9837133550488599,0.9770831543977018,0.505795620065682
0.9710743801652892,0.9562013078003695,0.5111948325627282
0.9810606060606061,0.9854323108563644,0.5036686441194643
0.9418181818181818,0.8950944785336911,0.5276781771712717
0.966796875,0.9751716459992079,0.506285113005516
0.9818496110630942,0.9763338686799602,0.5059873819133219
0.9857549857549858,0.951242885604635,0.512493860901447
0.9794007490636704,0.9785868434387213,0.5054112248426921
1.0038461538461538,0.9920294666209587,0.5020006062943841
0.6302382241472658,0.7698811136772187,0.5650097016529748
0.94874163010852,0.9287253176681486,0.5184771469734278
0.948905109489051,0.9530677591112472,0.5120150057953211
0.9879931389365352,0.9819003013425064,0.504566248525527
1.02803738317757,1.0045820849518892,0.49885709720088633
0.6411793828043346,0.7383392309840663,0.5752617108191848
0.9434482758620689,0.9858708266507239,0.5035574250751006
0.9758620689655172,0.9762855667651603,0.5059997486278403
0.9931740614334471,0.9813018469726991,0.5047186533076398
0.9761904761904762,0.9812284132954028,0.504737360563433
0.9813432835820896,0.9831014460824796,0.5042606377880725
0.9842105263157894,0.9775101008441797,0.5056864182757447
0.9961389961389961,0.9928918237551474,0.501783382359274
0.9150326797385621,0.848395062823482,0.5410098847983658
0.8469449485783425,0.8782465424621644,0.5324114685653117
0.9924528301886792,0.987526335866989,0.5031379871320221
1.0,0.9737105916164555,0.506659894438225
0.9389129389129389,0.9785264431328364,0.5054266539984075
0.9766113194072487,0.9747982354832646,0.5063808454109157
0.375,0.3568557680078356,0.7369980093523288
0.9927272727272727,1.0018010344681996,0.4995501464837943
0.9963503649635036,0.9863735357383056,0.503429985351831
1.0,0.982276272622957,0.5044705492422584
1.0055762081784387,0.9910239166890833,0.5022541374906845
0.8239202657807309,0.9265388382565682,0.5190655802739774
0.9927272727272727,0.9845502352520802,0.5038925103717411
0.583190695633092,0.9467779054805322,0.513669277417223
0.96579476861167,0.869706607914311,0.53484327207653
0.9964973730297724,0.9853082940811995,0.5037001069210765
0.9830508474576272,0.9777715043828132,0.505619581323709
0.018911216307603132,0.02253035635765718,0.9779660758063827
1.0326086956521738,1.0301885094068415,0.49256509696834466
0.9571428571428572,0.9428961222230421,0.514695556062879
0.9661654135338346,0.9765291473997162,0.5059373909641458
0.99644128113879,0.9819645280566384,0.5045498977625613
0.996031746031746,0.9816940351593683,0.5046187667005718
0.9448275862068966,0.9677630811369897,0.508191260211159
0.9781021897810219,0.9796896600342024,0.5051296777408654
0.975609756097561,0.9623801837959605,0.5095852517556687
0.9923371647509579,0.9916017108230453,0.5021084258793602
0.14415356306457008,0.18838741415544702,0.8414764310767053
0.9846743295019157,0.9822971764465409,0.5044652294731089
0.9948805460750854,0.9835956728732194,0.5041349977092406
0.9911971830985915,0.9737667064653169,0.5066454899276477
0.9890510948905109,0.9817768980365003,0.5045976673715278
0.9886363636363636,0.9866959555145983,0.5033482839808661
0.9858906525573192,0.9436248975162702,0.5145025674850561
0.9890909090909091,0.9872830672304771,0.5031995775989894
1.0051635111876076,0.9833254028069439,0.5042036967734737
0.987865322167151,0.9844374596883795,0.503921146578755
0.954225352112676,0.9582483266647189,0.5106604644484473
0.8786764705882353,0.9008655321400266,0.5260761390492378
1.0,0.9795191808040035,0.5051731802840319
0.950381679389313,0.9548315986416478,0.5115530159707206
0.9632465940185764,0.9756520566978282,0.506162001861519
1.0,0.9795205200091118,0.505172838519197
1.0076045627376427,0.994918978910759,0.5012734905885791
0.732568402471315,0.8196706780543787,0.5495499883908753
1.0,0.9883377261221645,0.5029326692655428
0.9860627177700348,0.9838267059455756,0.5040762870078199
1.008203799654577,0.98818202117678,0.5029720565565282
0.9416058394160584,0.9480288212395271,0.5133394275777202
0.9960629921259843,0.9823713273997994,0.5044463598611778
0.9806201550387597,0.9764677850436244,0.5059530985363003
0.9924528301886792,0.9875802553599798,0.5031243378994452
0.9736842105263158,0.9842601484339495,0.503966176405466
0.992,0.9800447185515775,0.5050390986782914
1.0464527027027026,0.8207852263384902,0.5492135950657678
0.9356060606060606,0.9484786214650254,0.5132209247685348
0.9489795918367347,0.9674194870237679,0.5082800117593423
0.15483616265298067,0.751718875625923,0.5708678566603221
1.0017667844522968,0.9851251420233741,0.5037465794124859
0.9926470588235294,0.9846116636629146,0.5038769137103336
0.977366255144033,0.9717999608810877,0.5071508367173087
0.942802791279759,0.9545508183184246,0.5116265029426753
0.7491803278688525,0.7519836981994504,0.5707815666479777
0.17676543235394426,0.20964346562820377,0.8266898705402176
0.9678456591639871,0.939358256626546,0.5156344871212548
1.2584007394857435,1.1397295792110769,0.46734877608632314
0.9884615384615385,0.9716544126340636,0.5071882747768326
1.0421052631578946,1.0216673031610892,0.4946412292647732
0.9746376811594203,0.9771762897145497,0.5057717944535804
1.0294887454196475,0.9839909723873177,0.5040345515265674
0.9900332225913622,0.9803426430019283,0.5049631201619417
0.9908613978676595,0.986994841620895,0.5032725697386552
0.9949622166246851,0.9827585794580268,0.5043478365749112
0.9672359707215058,0.9793726886778938,0.5052105678329541
0.9831081081081081,0.9796467202325408,0.5051406343261762
0.9892275354703101,0.9006748875804504,0.5261289063870334
1.0036363636363637,0.98829988903122,0.5029422400094989
0.984400215169446,0.9738590235791271,0.5066217941880855
0.9963369963369964,0.9879461201093476,0.5030317421002309
0.5,0.5286979013509163,0.654151483505208
0.9801493710691824,0.9756676468574311,0.5061580076945817
0.9962264150943396,0.989200665250519,0.5027144910360567
0.7395743575534031,0.7874270856345444,0.5594633806530886
0.9694072657743786,0.9660217190911751,0.5086413798430802
0.9896729776247849,0.9848762613137021,0.503809743453803
0.9942528735632183,0.9916387294632009,0.5020990931771678
0.9722222222222222,0.9736082061452995,0.506686178587149
1.0,0.9923515337430033,0.501919457015356
0.991304347826087,0.9846640764847576,0.5038636068685249
1.1666666666666667,1.0446339646522298,0.48908509654445126
0.9771202477206262,0.9819271160607866,0.5045594219365479
0.926,0.9628136654697299,0.5094727113389469
0.9803921568627451,0.9755928467604988,0.5061771719004559
0.9851268591426072,0.9845289095350451,0.503897925192881
0.9663517321398972,0.9714677992408166,0.507236283740006
0.7497952497952498,0.742610092984454,0.5738518352590083
0.9866732477788747,0.9842704483422938,0.5039635604286822
0.9869888475836431,0.9874599337971095,0.503154797233807
0.9744525547445255,0.9759692917355249,0.5060807393022208
0.9775767112509834,0.9785664325295896,0.505416438669438
0.9895287958115183,0.9792845329761326,0.505233069495248
1.5,1.4477306902886788,0.4085416765690276
0.9828178694158075,0.965768882576601,0.5087068011216382
0.9897194633211361,0.9846184108808772,0.5038752006518713
0.9862204724409449,0.9847871231970271,0.5038323698862144
0.9753872183614806,0.9785921060965296,0.5054098805502931
0.9851851851851852,0.9875791443491022,0.5031246191343403
1.0434782608695652,1.0013155219041212,0.4996713357065083
1.0227272727272727,0.9990152236179973,0.5002463153782841
0.9559543230016313,0.9551195198118871,0.5114776819865292
0.7852573437107707,0.9504208601289191,0.5127098568531009
0.9575971731448764,0.9600067205707495,0.5102023322189437
0.9477234401349073,0.9414886995946316,0.5150686688049189
1.0017123287671232,0.9886826199289146,0.5028454465176273
0.9876751646125275,0.9733922035350129,0.5067416391980579
0.99609375,0.9848055454434039,0.5038276934965943
0.9266893708549919,0.9198296111259464,0.5208795583757653
0.9774696707105719,0.9787220980132956,0.5053766777073112
0.943579766536965,0.9471608076044611,0.5135682662133452
0.9878892733564014,0.9850809797591991,0.503757786305174
0.9781818181818182,0.9747646339801755,0.5063894617073839
0.924,0.9459347664254739,0.5138918412136291
0.9957894736842106,0.9795614861581123,0.5051623841908428
0.8164231036882396,0.9223057302170041,0.5202086142078516
0.9888059701492538,0.9884465978541498,0.5029051326191807
0.9926593259926594,0.9833388551110411,0.5042002769335213
1.1217173285424775,0.8620960212366717,0.537029234043404
0.980836236933798,0.9772045627131223,0.5057645621795445
0.9845559845559846,0.9738918670546759,0.5066133645365998
1.0,0.9871604679326254,0.5032306228597463
0.9807325117167158,0.9197759216797183,0.520894125562865
0.9945454545454545,0.9752154926620932,0.5062738742759919
0.9850187265917603,0.9857671797058106,0.5035837082110245
0.9768339768339769,0.970059481466157,0.5075988869411092
0.968013468013468,0.9774742459993533,0.5056955871982198
0.9825174825174825,0.981525005480454,0.5046618121064455
0.9699499165275459,0.9788566183435862,0.5053423227990395
0.9525547445255474,0.9623562209198715,0.5095914744425155
0.9740131578947369,0.9737355890936763,0.5066534775608885
0.6230536318452173,0.7898577240813309,0.5587036257383328
0.9365079365079365,0.9489803118895856,0.513088815674323
0.9853826311263972,0.9843625449177178,0.5039401708932504
0.9787234042553191,0.9839258689123329,0.5040510916611213
0.9507829977628636,0.969999126564965,0.5076144382579871
0.9573384272524673,0.9620717536371923,0.5096653566039311
1.0111940298507462,0.9941090680768006,0.5014770836805033
1.0034188034188034,0.9806375379358887,0.5048879367610819
0.975609756097561,0.9758591334555858,0.5061089543620941
0.9607420904422727,0.9597271335188765,0.5102751209064523
0.9888888888888889,0.9883198323176164,0.5029371953879194
1.0580808080808082,1.0553843920300279,0.4865269989777126
1.0,0.9901339692472679,0.5024787353276684
0.8989247311827957,0.8882852263039581,0.5295810114223864
0.9888059701492538,0.988531830372549,0.5028835770824203
0.9974471188913202,0.9874832405845217,0.5031488968459923
0.9987012987012988,0.9049582261936555,0.5249458944819619
0.598757659699488,0.6457630002823399,0.6076209027839636
0.9849056603773585,0.9861494098047427,0.5034867946305759
1.0100671140939597,0.9823558241920736,0.5044503049333027
0.5235562377429185,0.9170916147020413,0.5216234802401043
0.9063745019920318,0.9397424133865571,0.5155323681633173
0.9726647660573536,0.9666669916656301,0.5084744922438901
1.0256410256410255,0.9625309538984189,0.5095461032161434
0.8905230496831227,0.9717799394618308,0.5071559863180958
0.987460815047022,0.9843299292604557,0.503948453961329
0.9276595744680851,0.9389828772235225,0.5157343119150823
1.0153846153846153,0.9967580527796133,0.5008118027158758
0.9865319865319865,0.9770306169117609,0.5058090610463379
0.9881889763779528,0.9839229188470923,0.5040518411779452
0.819672131147541,0.8126692987156455,0.5516726082957013
1.0038167938931297,0.994132531525301,0.5014711831791367
0.9592592592592593,0.9799275197791505,0.5050689936930339
1.0,0.9877925041596088,0.5030706162275101
1.0,0.9949584459438313,0.5012635737016025
0.8785476650100629,0.9102881333630798,0.5234812395758806
0.9662731871838112,0.9789547457977735,0.5053172651489164
1.0025612879619465,0.9889282744716448,0.5027833395679632
1.0235849056603774,0.9712783121572821,0.5072850413017749
0.9879310344827587,0.9741372589803464,0.5065503907851402
0.9742647058823529,0.9802704032830917,0.5049815410774706
0.9763513513513513,0.9762313195847251,0.5060136382263868
0.9964539007092199,0.9744347055770026,0.5064740794797583
0.9885496183206107,0.9910292005908496,0.502252804581291
0.9574289079589433,0.9732894866308064,0.506768016945856
0.9817728367358917,0.9676210724398028,0.5082279377908999
0.9706959706959707,0.9772808498264034,0.5057450488572707
0.9823943661971831,0.978408306405257,0.5054568345484696
0.984641638225256,0.9768566095374923,0.5058535834998985
1.003875968992248,0.9954167950132843,0.501148432998602
0.8989809668182585,0.9696979325088623,0.5076920595262394
0.9955357142857143,0.9684112803116746,0.5080239124831991
1.0,0.9718342254901409,0.5071420239454607
1.0654369784804567,1.0052920869025652,0.49868046980858055
0.9933554817275747,0.9652376990113322,0.5088442993451011
0.9967122339505105,0.9864986045081463,0.5033982896995783
0.8574522756044672,0.9136234776075988,0.5225688395348255
0.8169480961015412,0.8508565800208089,0.5402903773282948
0.9962962962962963,0.9894112956682369,0.5026612657610869
0.8823529411764705,0.9533366453679061,0.5119445244481412
0.9671532846715328,0.9662961697235545,0.5085703849693162
1.0,0.991506868511144,0.5021323379856594
0.9862778730703259,0.9847074308677045,0.5038526003617596
1.2025,1.15283210351935,0.4645044071784541
0.9653092006033183,0.9993569401370099,0.5001608166731214
0.9973157134007846,0.973834912244864,0.5066279828147782
0.9882352941176471,0.9599758491513952,0.5102103683741649
0.9692307692307692,0.9691326698419656,0.5078377984964598
0.9953004363880497,0.9858873437758304,0.5035532368611949
0.9828629032258065,0.9775764248073642,0.5056694585633574
1.0,0.9162906070736538,0.5218415183525263
0.9253246753246753,0.9347968796773135,0.5168501202910667
1.0,0.9839128053897678,0.5040544106995346
0.994459025955089,1.172078797753497,0.4603884541547314
0.9625407166123778,0.963590816568225,0.5092710719373315
0.8852847084092782,0.9636834386890211,0.5092470508727273
1.0,0.9781512642099571,0.5055225139212923
1.0,0.9882290209558542,0.5029601667916724
0.9824561403508771,0.977725805882377,0.5056312644683536
0.9821428571428571,0.9737605173408511,0.5066470786168376
0.994661921708185,0.9780769390542535,0.5055415086523956
1.0,0.9895476281428133,0.5026268212203956
1.0127272727272727,0.988838538412881,0.5028060250672802
0.9919191919191919,0.9820047556587989,0.5045396572056204
1.014370245139476,0.9448878556793088,0.5141684632766247
0.9696969696969697,0.9693477342202682,0.5077823396160831
1.024390243902439,0.9993630612622098,0.5001592854119722
0.980489417989418,0.9687134125675472,0.5079459476510727
1.008,0.9775694734677254,0.5056712360382823
0.9917355371900827,0.9807826423821198,0.5048509506310014
0.9821428571428571,0.9785300468785644,0.505425733401246
1.00374531835206,0.9902596058748969,0.50244701598132
0.9927272727272727,0.9874514561390435,0.5031569434871467
0.987012987012987,0.9757942971963258,0.5061255624732854
1.0,0.982333869990525,0.504455891683261
0.9685106382978723,0.9763384338703734,0.5059862131212235
0.9654471544715447,0.9706243832162069,0.5074533779836444
0.9861680327868853,0.9815390570291879,0.5046582334335842
0.9701492537313433,0.9728742975729119,0.5068746656744576
0.9628099173553719,0.9692773333944358,0.5078004926184286
0.9793103448275862,0.9679842605817996,0.5081341451909619
0.9847328244274809,0.9897129258495092,0.5025850649148542
0.9724409448818898,0.9794332779409869,0.5051951036410802
1.0,0.9841431836436595,0.5039958850971685
0.9923664122137404,0.9909931866695717,0.5022618895410421
0.8891219237140178,0.9343619776233169,0.5169663235568066
0.9940978077571669,0.9750957196275287,0.5063045755517024
0.9583333333333334,0.9593384573296018,0.5103763447602147
0.7448329563075188,0.7680312052175274,0.5656008768674229
0.9781818181818182,0.9795983862261752,0.5051529678736295
0.16710665258711724,0.15903557052731285,0.8627862901093206
0.18796992481203006,0.2995453480389606,0.7694998881793695
0.988013698630137,0.9806707009859443,0.5048794832488899
0.991304347826087,0.9843012847893824,0.503955728732062
0.9907407407407407,0.9892091561595344,0.502712345206901
1.0,0.9745426958904972,0.5064463797522549
0.9908683380375228,0.9775254496008797,0.5056824933412757
1.0508882072121835,0.9869022096452267,0.5032960329630697
0.9920844327176781,0.983818384734377,0.5040784013773997
1.0,0.9849579770931375,0.5037890028606274
0.25232590921905834,0.254042149360129,0.7974213629982427
1.0115089514066495,0.9167686205976859,0.5217113788560356
0.978021978021978,0.9803514451336227,0.5049608757361378
0.9921568627450981,0.9820124569455148,0.5045376967716454
1.0277306168647424,0.9157427944634702,0.5219907405576664
0.9923664122137404,0.9908643701938818,0.5022943877902714
0.9753191489361702,0.9812345089239736,0.5047358076470762
1.0190839694656488,0.9999409850306552,0.5000147541776948
0.9780162714211529,0.9815333963197389,0.5046596751068033
0.9951956074124915,0.988412174152375,0.5029138389912958
0.9781021897810219,0.9814456986342409,0.5046820110635755
0.9598540145985401,0.9612662930477537,0.5098746679860732
0.9870641053062191,0.9964058930559848,0.5009001443435216
1.0348837209302326,1.0084759027492396,0.49788996653192663
1.0,0.9902762402051545,0.5024428166297767
0.9932838458819371,0.9876963721825506,0.5030949464892215
0.9635036496350365,0.9704955764965113,0.5074865490324892
1.309682087235101,1.2664953365647855,0.4412098202309343
0.9961240310077519,0.9871380821679222,0.5032362919183869
0.9914821124361158,0.9789341477339991,0.5053225248273477
0.9983660130718954,0.9779807063326228,0.5055661042589752
0.969762032563965,0.9627594705874186,0.509486778683441
0.9678571428571429,0.927737229297119,0.5187428996039125
0.996078431372549,0.9818634919910544,0.5045756198855869
0.9963898916967509,0.9868368457294774,0.503312590638435
0.9605488850771869,0.9718338980222473,0.5071421081679353
1.0,0.9749724048668811,0.5063361885643172
0.9708404802744426,0.9751820138935743,0.506282455472927
0.9734964322120285,0.9798196769764868,0.5050965053176792
1.0178571428571428,0.9845018022176104,0.503904808190416
0.9893805309734514,0.9819731532948967,0.504547702040044
0.994263862332696,0.9912127867387391,0.502206497798674
0.979381443298969,0.9773589575359389,0.5057250714084495
2.0802919708029197,1.628594493390134,0.38043144445238736
1.0,0.964374572367638,0.5090678804677824
0.9881013967925505,0.9836519454720174,0.5041206963160295
0.6344537815126051,0.7316769870544401,0.5774749029268945
0.9803921568627451,0.9773638448378985,0.5057238214457079
1.0327102803738317,0.9699268421440448,0.507633064642955
1.0073529411764706,0.9878546309904752,0.5030548936577603
0.9641791044776119,0.8622807950839686,0.536975950479536
0.9891696750902527,0.9823352411223092,0.5044555427637178
0.973170731707317,0.972078696466786,0.5070791555081545
0.33333333333333337,0.36095471108469335,0.7347783080915241
0.9790681971640783,0.9813078515927518,0.504717123689845
0.9851301115241635,0.9856885230880805,0.5036036560481456
1.0,0.9878366758189776,0.5030594375103807
0.9706584783350393,0.9619655226857411,0.5096929525199284
1.0068027210884354,0.9785582873341764,0.5054185193337704
0.9366666666666666,0.9449742374780441,0.5141456276030949
0.9940704569236135,0.9805280895236218,0.5049158379977993
1.0,0.9884687810598173,0.5028995222479773
0.9848484848484849,0.985561864585513,0.5036357808013957
0.9694736842105263,0.9806364480344422,0.5048882145900057
0.9886792452830189,0.9865345946241736,0.5033891696153355
0.927536231884058,0.8958967960713251,0.5274548709994124
1.0055768560474032,0.9876157110128625,0.5031153630247838
1.0021551724137931,0.9835704156921529,0.504141416956482
0.9425531914893617,0.9421200792554478,0.5149012209293314
1.021978021978022,0.990547821017195,0.5023742657380557
1.0049586776859505,0.9805106965967038,0.5049202721895889
0.7500735050902275,0.9474669203390917,0.5134875409467189
0.04854368932038835,0.132606443084097,0.8829192223884861
0.9480428295594172,0.9558164947625188,0.5112954117515115
